<?xml version="1.0" encoding="UtF-8"?>
<root>
<language id="schinese">
     <entry id="hero_class_name_valeera_sanguinar"><![CDATA[瓦莉拉]]></entry>
     <entry id="action_verbose_body_blacksmith_valeera_sanguinar"><![CDATA[盗贼身穿皮甲，擅长近战伤害.]]></entry>
     <entry id="action_verbose_body_guild_valeera_sanguinar"><![CDATA[瓦莉拉是一名近战刺客，使用潜行以及快速攻击和强力终结一击.]]></entry>
     <entry id="action_verbose_body_camping_trainer_valeera_sanguinar"><![CDATA[瓦莉拉磨砺了她的刀锋,准备好战斗了.]]></entry>
    
     <!-- <Skills>// -->
     <entry id="combat_skill_name_valeera_sanguinar_sinister_strike"><![CDATA[影袭]]></entry>
     <entry id="combat_skill_name_valeera_sanguinar_blade_flurry"><![CDATA[剑刃乱舞]]></entry>
     <entry id="combat_skill_name_valeera_sanguinar_ambush"><![CDATA[伏击]]></entry>
     <entry id="combat_skill_name_valeera_sanguinar_crimson_vial"><![CDATA[猩红之瓶]]></entry>
     <entry id="combat_skill_name_valeera_sanguinar_eviscerate"><![CDATA[刺骨]]></entry>
     <entry id="combat_skill_name_valeera_sanguinar_cheap_shot"><![CDATA[偷袭]]></entry>
     <entry id="combat_skill_name_valeera_sanguinar_vanish"><![CDATA[消失]]></entry>
     <entry id="combat_skill_name_valeera_sanguinar_move"><![CDATA[移动]]></entry>

     <entry id="upgrade_tree_name_valeera_sanguinar.sinister_strike"><![CDATA[影袭]]></entry>
     <entry id="upgrade_tree_name_valeera_sanguinar.blade_flurry"><![CDATA[剑刃乱舞]]></entry>
     <entry id="upgrade_tree_name_valeera_sanguinar.ambush"><![CDATA[伏击]]></entry>
     <entry id="upgrade_tree_name_valeera_sanguinar.crimson_vial"><![CDATA[猩红之瓶]]></entry>
     <entry id="upgrade_tree_name_valeera_sanguinar.eviscerate"><![CDATA[刺骨]]></entry>
     <entry id="upgrade_tree_name_valeera_sanguinar.cheap_shot"><![CDATA[偷袭]]></entry>
     <entry id="upgrade_tree_name_valeera_sanguinar.vanish"><![CDATA[消失]]></entry>

<!-- Tooltips and Buffs-->
     <entry id="buff_rule_data_tooltip_eviscerate"><![CDATA[刺骨]]></entry>
     <entry id="buff_stat_tooltip_upgrade_discount_v_cd_2_tooltip"><![CDATA[{colour_start|notable}冷却时间:3回合{colour_end}]]></entry>
     <entry id="buff_stat_tooltip_upgrade_discount_skill_cd_2"><![CDATA[{colour_start|bleed}猩红之瓶 冷却:{colour_end}]]></entry>
     <entry id="str_skill_mode_info_invA"><![CDATA[切换模式: 潜行]]></entry>
     <entry id="str_skill_mode_info_invB"><![CDATA[切换模式: 显踪]]></entry>
     <entry id="actor_mode_name_invA"><![CDATA[显踪. ]]></entry>
     <entry id="actor_mode_name_invB"><![CDATA[潜行. ]]></entry>
     <entry id="buff_stat_tooltip_upgrade_discount_Val_tool_st_1"><![CDATA[取消 {colour_start|stealth}潜行{colour_end}]]></entry>

     <!--Camp -->
     <entry id="camping_skill_name_v_sharpening_weapons"><![CDATA[武器磨砺]]></entry>
     <entry id="camping_skill_name_v_action_plan"><![CDATA[行动计划]]></entry>
     <entry id="camping_skill_name_v_night_walk"><![CDATA[夜行]]></entry>

     <entry id="valeera_sanguinar+str_camping_skill_name_v_action_plan"><![CDATA[接下来我们这样做...*讲述计划*]]></entry>
     <entry id="valeera_sanguinar+str_camping_skill_name_v_night_walk"><![CDATA[我要到处看一看...]]></entry>
     <entry id="valeera_sanguinar+str_camping_skill_name_v_sharpening_weapons"><![CDATA[*磨刀*]]></entry>

     <!--Barks -->
     <entry id="valeera_sanguinar+str_camping_skill_name_encourage"><![CDATA[振作起来]]></entry>
     <entry id="valeera_sanguinar+str_camping_skill_name_first_aid"><![CDATA[小心.]]></entry>
     <entry id="valeera_sanguinar+str_camping_skill_name_pep_talk"><![CDATA[我们会活下去的.]]></entry>

     <!-- <Event>// -->
     <entry id="town_event_title_first_valeera_sanguinar"><![CDATA[瓦莉拉·萨古纳尔]]></entry>
     <entry id="town_event_description_first_valeera_sanguinar"><![CDATA[新的英雄，血精灵，瓦莉拉·萨古纳尔.]]></entry>
     <entry id="town_event_title_second_valeera_sanguinar"><![CDATA[瓦莉拉·萨古纳尔]]></entry>
     <entry id="town_event_description_second_valeera_sanguinar"><![CDATA[新的英雄，血精灵，瓦莉拉·萨古纳尔.]]></entry>
     
     <!-- <Weapons and Armours>// -->
     <entry id="valeera_sanguinar_weapon_0"><![CDATA[生锈的刀刃]]></entry>
     <entry id="valeera_sanguinar_weapon_1"><![CDATA[破旧的刀刃]]></entry>
     <entry id="valeera_sanguinar_weapon_2"><![CDATA[钢制刀刃]]></entry>
     <entry id="valeera_sanguinar_weapon_3"><![CDATA[秘银之刃]]></entry>
     <entry id="valeera_sanguinar_weapon_4"><![CDATA[「龙牙之刃」]]></entry>
     <entry id="upgrade_tree_name_valeera_sanguinar.weapon"><![CDATA[刀刃]]></entry>
     <entry id="valeera_sanguinar_armour_0"><![CDATA[破旧的盔甲]]></entry>
     <entry id="valeera_sanguinar_armour_1"><![CDATA[铆接盔甲]]></entry>
     <entry id="valeera_sanguinar_armour_2"><![CDATA[旅者盔甲]]></entry>
     <entry id="valeera_sanguinar_armour_3"><![CDATA[暗影盔甲]]></entry>
     <entry id="valeera_sanguinar_armour_4"><![CDATA[「刺杀者」]]></entry>
     <entry id="upgrade_tree_name_valeera_sanguinar.armour"><![CDATA[盔甲]]></entry>
     
     <entry id="valeera_sanguinar+str_combat_knockback"><![CDATA[Ugh!!!]]></entry>
   
     <entry id="valeera_sanguinar+str_bark_rest"><![CDATA[嘿，你为什么这么紧张?]]></entry>
     <entry id="valeera_sanguinar+str_bark_rest"><![CDATA[*看着熄灭的火焰*]]></entry>
     <entry id="valeera_sanguinar+str_bark_rest"><![CDATA[...]]></entry>
    
     <!-- <Special Drowned_Anchored>// -->
     <entry id="valeera_sanguinar+str_prisoner_damage_drowned_anchored"><![CDATA[我快窒息了...]]></entry>
    
     <!-- <Special Prophet>// -->
     <entry id="valeera_sanguinar+str_monster_attack_prophet_mark"><![CDATA[这些只是落石，我可以躲开.]]></entry>
     <entry id="valeera_sanguinar+str_monster_attack_prophet_mark"><![CDATA[你无法预知我们的死亡.]]></entry>

     <!-- <Special Cannon>// -->
     <entry id="valeera_sanguinar+str_monster_attack_light_fuse"><![CDATA[只是一门大炮?]]></entry>

     <!-- <Special Pig>// -->
     <entry id="valeera_sanguinar+str_monster_attack_obliterate_enraged"><![CDATA[Huh?]]></entry>
     <entry id="valeera_sanguinar+str_monster_attack_obliterate_enraged"><![CDATA[你只是个愤怒的无脑动物...]]></entry>

     <!-- <Special Cauldron>// -->
     <entry id="valeera_sanguinar+str_prisoner_damage_cauldron_full"><![CDATA[...]]></entry>
     <entry id="valeera_sanguinar+str_prisoner_damage_cauldron_full"><![CDATA[*水花四溅*]]></entry>

     <!-- <Hamlet>// -->

     <entry id="valeera_sanguinar+str_disease_treatment_committed"><![CDATA[你不能不使用这件工具吗?]]></entry>
     <entry id="valeera_sanguinar+str_disease_treatment_committed"><![CDATA[这药真恶心...]]></entry>
     
     <!-- <alcoholism// -->
     <entry id="valeera_sanguinar+str_alcoholism_gambling_rejection"><![CDATA[赌博很好玩吗?我更喜欢酒精.]]></entry>
     <entry id="valeera_sanguinar+str_alcoholism_brothel_rejection"><![CDATA[我想喝一杯...]]></entry>
     <entry id="valeera_sanguinar+str_alcoholism_meditation_rejection"><![CDATA[一杯麦芽酒比这更能让我平静.]]></entry>
     <entry id="valeera_sanguinar+str_alcoholism_prayer_rejection"><![CDATA[只有喝酒对我才会有帮助.]]></entry>
     <entry id="valeera_sanguinar+str_alcoholism_flagellation_rejection"><![CDATA[只有喝酒对我才会有帮助.]]></entry>

     <entry id="valeera_sanguinar+str_gambler_bar_rejection"><![CDATA[我不想去.]]></entry>
     <entry id="valeera_sanguinar+str_gambler_brothel_rejection"><![CDATA[也许去打牌更好?]]></entry>
     <entry id="valeera_sanguinar+str_gambler_meditation_rejection"><![CDATA[我不想去.]]></entry>
     <entry id="valeera_sanguinar+str_gambler_prayer_rejection"><![CDATA[去打牌可能更好?]]></entry>
     <entry id="valeera_sanguinar+str_gambler_flagellation_rejection"><![CDATA[我拒绝.]]></entry>

     <entry id="valeera_sanguinar+str_love_interest_gambling_rejection"><![CDATA[太无聊了.]]></entry>
     <entry id="valeera_sanguinar+str_love_interest_bar_rejection"><![CDATA[不感兴趣.]]></entry>
     <entry id="valeera_sanguinar+str_love_interest_meditation_rejection"><![CDATA[这不能帮我缓解压力.]]></entry>
     <entry id="valeera_sanguinar+str_love_interest_prayer_rejection"><![CDATA[算了吧.]]></entry>
     <entry id="valeera_sanguinar+str_love_interest_flagellation_rejection"><![CDATA[这差不多就是我所需要的.]]></entry>

     <entry id="valeera_sanguinar+str_enlightened_bar_rejection"><![CDATA[我需要安静.]]></entry>
     <entry id="valeera_sanguinar+str_enlightened_gambling_rejection"><![CDATA[赌博不是我现在要做的事情.]]></entry>
     <entry id="valeera_sanguinar+str_enlightened_brothel_rejection"><![CDATA[多么的放荡啊!]]></entry>
     <entry id="valeera_sanguinar+str_enlightened_prayer_rejection"><![CDATA[这不是我想要的.]]></entry>
     <entry id="valeera_sanguinar+str_enlightened_flagellation_rejection"><![CDATA[我喜欢按摩，但我现在想一个人待着.]]></entry>

     <entry id="valeera_sanguinar+str_god_fearing_bar_rejection"><![CDATA[...]]></entry>
     <entry id="valeera_sanguinar+str_god_fearing_gambling_rejection"><![CDATA[我不想去.]]></entry>
     <entry id="valeera_sanguinar+str_god_fearing_brothel_rejection"><![CDATA[太粗俗了!]]></entry>
     <entry id="valeera_sanguinar+str_god_fearing_meditation_rejection"><![CDATA[...]]></entry>
     <entry id="valeera_sanguinar+str_god_fearing_flagellation_rejection"><![CDATA[我不认为偷窃是一种罪过.]]></entry>

     <entry id="valeera_sanguinar+str_flagellant_gambling_rejection"><![CDATA[不要]]></entry>
     <entry id="valeera_sanguinar+str_flagellant_bar_rejection"><![CDATA[...]]></entry>
     <entry id="valeera_sanguinar+str_flagellant_meditation_rejection"><![CDATA[这还不够.]]></entry>
     <entry id="valeera_sanguinar+str_flagellant_prayer_rejection"><![CDATA[这还不够.]]></entry>
     <entry id="valeera_sanguinar+str_flagellant_brothel_rejection"><![CDATA[这还不够.]]></entry>
  
     <entry id="valeera_sanguinar+str_stagecoach_idle"><![CDATA[因为不死族我才独自一人...]]></entry>
     <entry id="str_incompatible_party_member_valeera_sanguinar_limit"><![CDATA[...]]></entry>
     <entry id="valeera_sanguinar+str_roster_list_darkest_dungeon_survivor_bark"><![CDATA[...]]></entry>

     <!-- <bark CC>// -->
     <entry id="valeera_sanguinar+str_bark_shuffled"><![CDATA[无法忍受...]]></entry>
     <entry id="valeera_sanguinar+str_bark_shuffled"><![CDATA[这是怎么发生的?!]]></entry>

     <entry id="valeera_sanguinar+str_bark_shuffledot"><![CDATA[这次是什么??]]></entry>
     <entry id="valeera_sanguinar+str_prisoner_help_me"><![CDATA[嘿，各位?]]></entry>
     <entry id="valeera_sanguinar+str_prisoner_rescue_thanks"><![CDATA[谢谢你]]></entry>
     
     <!-- <Dialogue>// -->
     <entry id="valeera_sanguinar+str_bark_startmoving"><![CDATA[地图并不总是可靠的，但总比没有强.]]></entry>
     <entry id="valeera_sanguinar+str_bark_startmoving"><![CDATA[好,让我们继续.]]></entry>

     <entry id="valeera_sanguinar+str_bark_stopmoving"><![CDATA[等一下...]]></entry>
     <entry id="valeera_sanguinar+str_bark_stopmoving"><![CDATA[安静!前方很嘈杂...]]></entry>
     <entry id="valeera_sanguinar+str_bark_stopmoving"><![CDATA[怎么了??]]></entry>

     <entry id="valeera_sanguinar+str_bark_backingup"><![CDATA[我们站错边了吗?]]></entry>
     <entry id="valeera_sanguinar+str_bark_backingup"><![CDATA[Huh?错误的道路?]]></entry>
     <entry id="valeera_sanguinar+str_bark_backingup"><![CDATA[你忘记带铲子了吗?]]></entry>

     <entry id="valeera_sanguinar+str_bark_increasingstress"><![CDATA[不,不要碰我!!]]></entry>
     <entry id="valeera_sanguinar+str_bark_increasingstress"><![CDATA[我一定是疯了...]]></entry>
     <entry id="valeera_sanguinar+str_bark_increasingstress"><![CDATA[我觉得很不安...]]></entry>
 
     <entry id="valeera_sanguinar+str_bark_bigwound"><![CDATA[AH!不可思议!]]></entry>
     <entry id="valeera_sanguinar+str_bark_bigwound"><![CDATA[你怎么敢!?]]></entry>

     <entry id="valeera_sanguinar+str_bark_bigwound_ally"><![CDATA[坚持住,战斗还没结束呢.]]></entry>

     <entry id="valeera_sanguinar+str_bark_deathsdoor"><![CDATA[离死亡只有一步之遥.]]></entry>

     <entry id="valeera_sanguinar+str_bark_deathsdoorsurvive_ally"><![CDATA[很接近了...]]></entry>

     <entry id="valeera_sanguinar+str_bark_poisondot"><![CDATA[我需要解毒剂!]]></entry>
     <entry id="valeera_sanguinar+str_bark_poisondot"><![CDATA[真恶心...]]></entry>

     <entry id="valeera_sanguinar+str_bark_bleeddot"><![CDATA[我需要绷带!]]></entry>
     <entry id="valeera_sanguinar+str_bark_bleeddot"><![CDATA[无法止血...]]></entry>

     <entry id="valeera_sanguinar+str_bark_torch_0"><![CDATA[嘿,别推我.]]></entry>
     <entry id="valeera_sanguinar+str_bark_torch_0"><![CDATA[我们需要继续前进.]]></entry>

     <entry id="valeera_sanguinar+str_bark_torch_1"><![CDATA[一切还好吧?小心点.]]></entry>

     <entry id="valeera_sanguinar+str_bark_torch_2"><![CDATA[我们没有火把了吗?]]></entry>

     <entry id="valeera_sanguinar+str_bark_torch0"><![CDATA[光正在消逝.]]></entry>



     <entry id="valeera_sanguinar+str_bark_curiogood"><![CDATA[好的，我们继续...]]></entry>
     <entry id="valeera_sanguinar+str_bark_curiogood"><![CDATA[虽然没有预期的那么好，但也不差.]]></entry>

     <entry id="valeera_sanguinar+str_bark_curiobad"><![CDATA[该死...]]></entry>
     <entry id="valeera_sanguinar+str_bark_curiobad"><![CDATA[该死!]]></entry>

     <entry id="valeera_sanguinar+str_bark_curiomeh"><![CDATA[Hmm...什么都没有...]]></entry>
     <entry id="valeera_sanguinar+str_bark_curiomeh"><![CDATA[有人抢在我们前面了.]]></entry>
     <entry id="valeera_sanguinar+str_bark_curiomeh"><![CDATA[什么都没有,我们继续前进吧.]]></entry>
     <entry id="valeera_sanguinar+str_bark_curiomeh"><![CDATA[我什么也没看到...我觉得这里什么都没有.]]></entry>
     <entry id="valeera_sanguinar+str_bark_curiomeh"><![CDATA[什么?什么都没有?]]></entry>

     <entry id="valeera_sanguinar+str_combat_wastingtime"><![CDATA[ah...我鄙视这个世界!]]></entry>

     <entry id="valeera_sanguinar+str_bark_stress_partyhigh"><![CDATA[不要放弃!]]></entry>

     <entry id="valeera_sanguinar+str_bark_hp_partylow"><![CDATA[小心点,不要再冒险了]]></entry>

     <entry id="valeera_sanguinar+str_bark_hp_selflow"><![CDATA[我需要治疗...]]></entry>

     <entry id="valeera_sanguinar+str_bark_hp_selfhigh"><![CDATA[我很好.]]></entry>

     <entry id="valeera_sanguinar+str_bark_party_poor_condition"><![CDATA[...]]></entry>

     <entry id="valeera_sanguinar+str_bark_companionship"><![CDATA[有人设下陷阱了吗?]]></entry>
     <entry id="valeera_sanguinar+str_bark_companionship"><![CDATA[我们需要休息才能继续前进。...]]></entry>
     <entry id="valeera_sanguinar+str_bark_companionship"><![CDATA[好的，晚安，明天见.]]></entry>


     <entry id="valeera_sanguinar+str_wave_spawn_mash"><![CDATA[坚守位置!]]></entry>
     <entry id="valeera_sanguinar+str_wave_spawn_mash"><![CDATA[黑魔法!]]></entry>

     <entry id="valeera_sanguinar+str_wave_curio_room"><![CDATA[短暂的休息.]]></entry>

     <entry id="valeera_sanguinar+str_wave_dungeon_weald"><![CDATA[小心.]]></entry>

     <entry id="valeera_sanguinar+str_wave_dungeon_crypts"><![CDATA[看不到尽头...]]></entry>

     <entry id="valeera_sanguinar+str_wave_dungeon_cove"><![CDATA[...]]></entry>
     <entry id="valeera_sanguinar+str_wave_dungeon_farm"><![CDATA[这地方真奇怪.]]></entry>
     <entry id="valeera_sanguinar+str_wave_dungeon_farm"><![CDATA[无数的星星...如此安静.]]></entry>

     <entry id="valeera_sanguinar+str_boss_miller_sadness"><![CDATA[和你的回忆一起...睡个好觉.]]></entry>

     <!-- <Misc>// -->
     <entry id="valeera_sanguinar+str_critbyhero"><![CDATA[...]]></entry>
     <entry id="valeera_sanguinar+str_critbyhero"><![CDATA[...]]></entry>

     <entry id="valeera_sanguinar+str_monster_attack_unholy_smite"><![CDATA[毫无价值的生物!]]></entry>
     <entry id="valeera_sanguinar+str_monster_attack_unholy_judgement"><![CDATA[你不是我的对手!]]></entry>
     <entry id="valeera_sanguinar+str_monster_attack_unholy_curse"><![CDATA[诅咒?]]></entry>










</language>
</root>